Rk,G,Date,Age,Tm,,Opp,,GS,MP,FG,FGA,FG%,3P,3PA,3P%,FT,FTA,FT%,ORB,DRB,TRB,AST,STL,BLK,TOV,PF,PTS,GmSc,+/-
1,1,2017-10-17,28-052,HOU,@,GSW,W (+1),1,36:24,10,23,.435,4,9,.444,3,4,.750,1,5,6,11,1,0,3,2,27,21.6,+1
2,2,2017-10-18,28-053,HOU,@,SAC,W (+5),1,37:46,8,21,.381,4,14,.286,7,8,.875,2,1,3,9,2,0,2,1,27,22.7,+1
3,3,2017-10-21,28-056,HOU,,DAL,W (+16),1,30:45,10,19,.526,6,13,.462,3,4,.750,0,3,3,7,2,0,5,5,29,20.1,+31
4,4,2017-10-23,28-058,HOU,,MEM,L (-8),1,35:08,8,20,.400,2,8,.250,4,8,.500,1,4,5,8,1,0,7,4,22,9.5,-14
5,5,2017-10-25,28-060,HOU,@,PHI,W (+1),1,41:26,10,20,.500,2,8,.250,5,5,1.000,0,3,3,13,1,3,8,1,27,21.7,+9
6,6,2017-10-27,28-062,HOU,@,CHO,W (+16),1,36:56,8,18,.444,4,10,.400,7,8,.875,0,10,10,11,1,0,5,4,27,22.3,-1
7,7,2017-10-28,28-063,HOU,@,MEM,L (-14),1,33:37,6,19,.316,2,9,.222,6,7,.857,1,3,4,8,2,0,3,3,20,13.7,-13
8,8,2017-10-30,28-065,HOU,,PHI,L (-8),1,38:27,8,21,.381,3,7,.429,10,12,.833,1,3,4,7,4,1,7,2,29,20.1,-12
9,9,2017-11-01,28-067,HOU,@,NYK,W (+22),1,34:47,9,23,.391,6,17,.353,7,9,.778,1,4,5,9,0,0,7,5,31,16.9,+21
10,10,2017-11-03,28-069,HOU,@,ATL,W (+15),1,30:56,8,15,.533,6,11,.545,7,10,.700,1,2,3,11,1,0,2,0,29,28.5,+19
11,11,2017-11-05,28-071,HOU,,UTA,W (+27),1,35:15,19,25,.760,7,8,.875,11,12,.917,0,2,2,13,2,0,7,3,56,49.2,+25
12,12,2017-11-09,28-075,HOU,,CLE,W (+4),1,42:41,8,21,.381,6,14,.429,13,14,.929,1,10,11,13,5,1,5,4,35,35.0,+3
13,13,2017-11-11,28-077,HOU,,MEM,W (+15),1,37:35,11,25,.440,6,14,.429,10,14,.714,0,4,4,8,0,1,3,3,38,26.6,+23
14,14,2017-11-12,28-078,HOU,@,IND,W (+23),1,33:34,9,21,.429,3,12,.250,5,5,1.000,0,5,5,15,2,0,3,1,26,25.5,+25
15,15,2017-11-14,28-080,HOU,,TOR,L (-16),1,39:22,8,25,.320,3,11,.273,19,19,1.000,1,5,6,11,0,1,9,5,38,23.3,-2
16,16,2017-11-16,28-082,HOU,@,PHO,W (+26),1,34:37,12,22,.545,6,11,.545,18,18,1.000,0,2,2,7,2,1,5,3,48,39.4,+15
17,17,2017-11-18,28-084,HOU,@,MEM,W (+22),1,35:47,9,20,.450,6,12,.500,5,5,1.000,0,5,5,7,3,0,3,3,29,23.8,+5
18,18,2017-11-22,28-088,HOU,,DEN,W (+30),1,31:38,6,16,.375,1,7,.143,8,9,.889,1,7,8,9,0,0,7,1,21,13.5,+29
19,19,2017-11-25,28-091,HOU,,NYK,W (+15),1,36:52,12,27,.444,5,13,.385,8,10,.800,0,2,2,10,3,0,1,1,37,31.3,+2
20,20,2017-11-27,28-093,HOU,,BRK,W (+14),1,35:47,13,20,.650,8,13,.615,3,4,.750,0,10,10,8,2,2,4,2,37,35.0,+22
21,21,2017-11-29,28-095,HOU,,IND,W (+21),1,35:19,8,22,.364,4,12,.333,9,9,1.000,2,6,8,10,1,0,1,2,29,26.2,+26
22,22,2017-12-03,28-099,HOU,@,LAL,W (+23),1,35:18,13,22,.591,4,9,.444,6,7,.857,1,3,4,9,2,0,4,3,36,30.1,+11
23,23,2017-12-07,28-103,HOU,@,UTA,W (+11),1,35:09,8,19,.421,4,12,.333,9,9,1.000,0,6,6,3,1,0,3,2,29,20.0,+12
24,24,2017-12-09,28-105,HOU,@,POR,W (+7),1,37:19,16,29,.552,4,7,.571,12,14,.857,1,7,8,3,3,0,2,2,48,38.4,+9
25,25,2017-12-11,28-107,HOU,,NOP,W (+7),1,34:57,8,16,.500,4,10,.400,6,9,.667,0,1,1,17,6,0,3,3,26,30.8,-2
26,26,2017-12-13,28-109,HOU,,CHO,W (+12),1,31:15,8,22,.364,3,10,.300,2,2,1.000,0,4,4,8,1,1,3,3,21,13.1,-6
27,27,2017-12-15,28-111,HOU,,SAS,W (+15),1,33:01,6,18,.333,2,11,.182,14,16,.875,0,7,7,6,2,1,5,2,28,20.2,+12
28,28,2017-12-16,28-112,HOU,,MIL,W (+4),1,39:12,8,21,.381,4,10,.400,11,14,.786,0,6,6,5,0,1,3,4,31,19.7,+1
29,29,2017-12-18,28-114,HOU,,UTA,W (+21),1,37:55,6,17,.353,4,12,.333,10,10,1.000,0,6,6,6,2,1,5,2,26,19.4,+13
30,30,2017-12-20,28-116,HOU,,LAL,L (-6),1,43:18,15,27,.556,4,6,.667,17,21,.810,0,3,3,9,1,1,6,5,51,37.4,+4
31,31,2017-12-22,28-118,HOU,,LAC,L (-10),1,41:24,15,28,.536,6,14,.429,15,16,.938,0,4,4,8,3,0,8,6,51,36.4,-11
32,32,2017-12-25,28-121,HOU,@,OKC,L (-5),1,38:34,7,18,.389,3,11,.273,12,14,.857,1,7,8,14,2,1,1,0,29,32.7,-7
33,33,2017-12-28,28-124,HOU,@,BOS,L (-1),1,39:03,7,27,.259,5,15,.333,15,15,1.000,0,6,6,10,2,0,8,4,34,19.1,0
34,34,2017-12-29,28-125,HOU,@,WAS,L (-18),1,29:25,7,14,.500,1,4,.250,5,6,.833,1,0,1,4,1,1,5,1,20,12.4,0
35,35,2017-12-31,28-127,HOU,,LAL,W (+6),1,40:47,10,20,.500,3,8,.375,17,21,.810,0,2,2,11,2,2,1,2,40,38.3,+4
43,36,2018-01-18,28-145,HOU,,MIN,W (+18),1,25:51,3,15,.200,1,5,.200,3,3,1.000,1,1,2,7,2,2,2,1,10,7.6,-11
44,37,2018-01-20,28-147,HOU,,GSW,W (+8),1,34:35,8,16,.500,5,9,.556,1,2,.500,0,2,2,8,2,2,6,1,22,16.8,-6
45,38,2018-01-22,28-149,HOU,,MIA,W (+9),1,34:49,10,26,.385,5,13,.385,3,4,.750,0,2,2,5,2,2,6,2,28,14.1,+6
46,39,2018-01-24,28-151,HOU,@,DAL,W (+7),1,32:32,9,16,.563,6,10,.600,1,2,.500,1,4,5,13,1,1,1,1,25,28.3,+30
47,40,2018-01-26,28-153,HOU,@,NOP,L (-2),1,33:56,5,16,.313,1,9,.111,12,14,.857,0,5,5,11,2,1,4,4,23,19.3,-12
48,41,2018-01-28,28-155,HOU,,PHO,W (+11),1,37:57,8,21,.381,3,11,.273,8,12,.667,3,7,10,8,2,1,6,1,27,20.0,+16
49,42,2018-01-30,28-157,HOU,,ORL,W (+7),1,46:26,19,30,.633,5,14,.357,17,18,.944,2,8,10,11,4,1,5,2,60,56.6,+7
50,43,2018-02-01,28-159,HOU,@,SAS,W (+11),1,36:48,10,20,.500,5,12,.417,3,3,1.000,0,2,2,11,1,2,3,1,28,25.3,+18
51,44,2018-02-03,28-161,HOU,@,CLE,W (+32),1,31:08,5,16,.313,1,11,.091,5,5,1.000,0,6,6,9,2,0,4,2,16,12.1,+11
52,45,2018-02-06,28-164,HOU,@,BRK,W (+10),1,34:23,11,23,.478,4,10,.400,10,10,1.000,0,4,4,5,0,1,2,4,36,26.1,-7
53,46,2018-02-07,28-165,HOU,@,MIA,W (+8),1,36:22,13,25,.520,5,12,.417,10,12,.833,0,4,4,6,3,1,4,2,41,32.2,+9
54,47,2018-02-09,28-167,HOU,,DEN,W (+26),1,27:23,7,16,.438,5,11,.455,9,11,.818,1,6,7,11,0,0,5,2,28,23.2,+23
55,48,2018-02-11,28-169,HOU,,DAL,W (+7),1,34:09,6,19,.316,4,13,.308,11,12,.917,0,6,6,5,2,1,3,1,27,20.3,+5
56,49,2018-02-13,28-171,HOU,@,MIN,W (+18),1,35:49,10,20,.500,6,10,.600,8,9,.889,0,6,6,13,0,1,1,2,34,33.4,+11
57,50,2018-02-14,28-172,HOU,,SAC,W (+9),1,35:01,7,19,.368,5,15,.333,9,11,.818,0,9,9,9,2,1,6,2,28,21.6,+14
58,51,2018-02-23,28-181,HOU,,MIN,W (+18),1,34:28,8,25,.320,3,10,.300,12,12,1.000,0,2,2,9,2,0,4,2,31,20.8,+12
59,52,2018-02-25,28-183,HOU,@,DEN,W (+5),1,37:15,11,20,.550,6,10,.600,13,16,.813,1,7,8,7,1,0,5,2,41,33.1,+12
60,53,2018-02-26,28-184,HOU,@,UTA,W (+11),1,34:58,8,13,.615,1,5,.200,9,12,.750,1,10,11,5,4,0,6,1,26,23.7,+15
61,54,2018-02-28,28-186,HOU,@,LAC,W (+13),1,33:13,7,14,.500,3,10,.300,8,9,.889,0,3,3,7,2,1,4,4,25,20.5,+17
62,55,2018-03-03,28-189,HOU,,BOS,W (+3),1,37:48,6,18,.333,3,12,.250,11,13,.846,2,5,7,10,5,1,4,2,26,25.8,+20
63,56,2018-03-06,28-192,HOU,@,OKC,W (+10),1,36:06,8,13,.615,1,3,.333,6,7,.857,0,5,5,11,4,1,10,4,23,19.0,+3
64,57,2018-03-07,28-193,HOU,@,MIL,W (+11),1,34:46,8,20,.400,3,10,.300,7,7,1.000,0,5,5,6,4,1,5,2,26,19.8,+5
65,58,2018-03-09,28-195,HOU,@,TOR,L (-3),1,33:29,15,22,.682,4,8,.500,6,7,.857,0,2,2,4,0,1,4,1,40,29.9,+1
67,59,2018-03-12,28-198,HOU,,SAS,W (+16),1,28:56,6,17,.353,2,11,.182,14,14,1.000,2,4,6,6,0,0,3,3,28,21.1,+17
68,60,2018-03-15,28-201,HOU,,LAC,W (+5),1,34:25,7,16,.438,2,8,.250,8,9,.889,2,3,5,7,1,1,3,3,24,19.9,+1
69,61,2018-03-17,28-203,HOU,@,NOP,W (+6),1,37:41,11,28,.393,4,13,.308,6,8,.750,4,7,11,8,2,0,2,2,32,25.7,+18
70,62,2018-03-18,28-204,HOU,@,MIN,W (+9),1,36:45,9,18,.500,2,9,.222,14,14,1.000,0,4,4,12,2,1,4,2,34,32.5,+10
71,63,2018-03-20,28-206,HOU,@,POR,W (+4),1,32:47,13,25,.520,5,7,.714,11,15,.733,0,6,6,7,0,0,4,3,42,29.6,-5
72,64,2018-03-22,28-208,HOU,,DET,W (+4),1,40:23,4,20,.200,0,8,.000,13,18,.722,0,8,8,5,2,2,3,2,21,12.1,-8
73,65,2018-03-24,28-210,HOU,,NOP,W (+23),1,29:31,11,24,.458,3,11,.273,2,2,1.000,0,6,6,8,1,1,9,0,27,14.7,+14
74,66,2018-03-25,28-211,HOU,,ATL,W (+19),1,30:03,6,15,.400,1,7,.143,5,5,1.000,0,10,10,15,2,0,2,2,18,22.6,+14
76,67,2018-03-30,28-216,HOU,,PHO,W (+1),1,38:17,8,21,.381,1,8,.125,11,17,.647,0,8,8,10,2,1,4,1,28,21.8,-2
77,68,2018-04-01,28-218,HOU,@,SAS,L (-17),1,35:57,8,19,.421,1,6,.167,8,8,1.000,1,2,3,8,0,0,5,5,25,14.8,-19
78,69,2018-04-03,28-220,HOU,,WAS,W (+16),1,33:59,12,18,.667,5,8,.625,9,10,.900,1,9,10,9,1,1,3,1,38,37.8,+17
79,70,2018-04-05,28-222,HOU,,POR,W (+2),1,34:21,7,13,.538,3,6,.500,7,10,.700,1,5,6,7,1,0,8,0,24,16.6,+7
80,71,2018-04-07,28-224,HOU,,OKC,L (-6),1,36:25,7,16,.438,3,8,.375,9,12,.750,0,4,4,9,1,1,5,5,26,18.6,+2
81,72,2018-04-10,28-227,HOU,@,LAL,W (+6),1,30:51,6,15,.400,3,7,.429,6,6,1.000,1,3,4,10,1,1,6,0,21,17.2,0
1,1,2018-10-17,29-052,HOU,,NOP,L (-19),1,34:43,6,15,.400,3,8,.375,3,4,.750,2,7,9,10,3,1,4,2,18,18.9,-23
2,2,2018-10-20,29-055,HOU,@,LAL,W (+9),1,37:50,10,19,.526,5,10,.500,11,15,.733,1,6,7,5,2,1,6,2,36,27.0,-3
3,3,2018-10-21,29-056,HOU,@,LAC,L (-3),1,39:45,11,26,.423,4,12,.333,5,6,.833,0,4,4,14,2,0,3,1,31,26.4,+5
4,4,2018-10-24,29-059,HOU,,UTA,L (-11),1,31:38,10,19,.526,3,4,.750,6,9,.667,1,4,5,7,1,0,7,4,29,17.7,-5
8,5,2018-11-03,29-069,HOU,@,CHI,W (+8),1,33:16,7,17,.412,5,12,.417,6,8,.750,0,1,1,7,4,0,8,3,25,15.1,+9
9,6,2018-11-05,29-071,HOU,@,IND,W (+4),1,35:07,7,15,.467,5,12,.417,9,9,1.000,0,4,4,6,3,1,5,5,28,22.4,+6
10,7,2018-11-08,29-074,HOU,@,OKC,L (-18),1,37:32,7,19,.368,4,12,.333,1,3,.333,1,7,8,5,2,1,5,3,19,10.5,-13
11,8,2018-11-10,29-076,HOU,@,SAS,L (-7),1,38:31,7,27,.259,1,13,.077,10,13,.769,0,6,6,3,2,2,2,3,25,11.8,-8
12,9,2018-11-11,29-077,HOU,,IND,W (+12),1,37:59,9,20,.450,8,18,.444,14,15,.933,0,7,7,9,1,1,9,5,40,28.3,+14
13,10,2018-11-13,29-079,HOU,@,DEN,W (+10),1,36:49,7,16,.438,2,10,.200,6,8,.750,1,4,5,11,3,1,4,3,22,20.9,+13
14,11,2018-11-15,29-081,HOU,,GSW,W (+21),1,32:05,8,23,.348,4,14,.286,7,8,.875,0,3,3,3,2,0,1,4,27,16.1,+11
15,12,2018-11-17,29-083,HOU,,SAC,W (+20),1,34:17,10,17,.588,4,10,.400,10,10,1.000,0,4,4,8,3,0,6,3,34,28.7,+1
16,13,2018-11-21,29-087,HOU,,DET,W (+2),1,36:22,10,20,.500,4,9,.444,19,19,1.000,1,6,7,9,4,0,6,3,43,38.6,+9
17,14,2018-11-23,29-089,HOU,@,DET,L (-5),1,40:53,9,27,.333,3,11,.273,12,14,.857,1,1,2,8,0,1,7,5,33,15.2,-14
18,15,2018-11-24,29-090,HOU,@,CLE,L (-9),1,43:38,14,30,.467,5,12,.417,7,12,.583,1,3,4,13,1,0,9,3,40,24.1,-2
19,16,2018-11-26,29-092,HOU,@,WAS,L (-4),1,47:21,17,32,.531,7,15,.467,13,15,.867,1,7,8,13,3,0,11,4,54,39.9,+7
20,17,2018-11-28,29-094,HOU,,DAL,L (-20),1,37:21,7,15,.467,4,11,.364,7,9,.778,1,10,11,17,6,0,8,4,25,28.5,-16
21,18,2018-11-30,29-096,HOU,@,SAS,W (+31),1,27:35,9,20,.450,3,11,.273,2,2,1.000,1,6,7,10,0,1,2,4,23,19.2,+33
22,19,2018-12-01,29-097,HOU,,CHI,W (+16),1,30:22,9,16,.563,6,11,.545,6,7,.857,0,6,6,7,1,1,7,1,30,23.0,+11
23,20,2018-12-03,29-099,HOU,@,MIN,L (-12),1,37:01,8,17,.471,3,7,.429,10,13,.769,0,4,4,8,2,1,5,5,29,21.6,-13
24,21,2018-12-06,29-102,HOU,@,UTA,L (-27),1,27:58,5,16,.313,2,8,.250,3,3,1.000,1,5,6,2,0,0,7,3,15,1.2,-27
25,22,2018-12-08,29-104,HOU,@,DAL,L (-3),1,36:39,11,22,.500,6,16,.375,7,7,1.000,0,4,4,8,1,1,6,5,35,24.5,-8
26,23,2018-12-11,29-107,HOU,,POR,W (+7),1,32:28,10,21,.476,4,9,.444,5,7,.714,0,1,1,4,1,0,2,4,29,18.0,-15
27,24,2018-12-13,29-109,HOU,,LAL,W (+15),1,35:28,14,26,.538,4,12,.333,18,19,.947,2,8,10,11,2,0,6,4,50,42.9,+14
28,25,2018-12-15,29-111,HOU,@,MEM,W (+8),1,40:32,9,14,.643,3,7,.429,11,13,.846,0,12,12,10,2,0,5,1,32,32.2,+3
29,26,2018-12-17,29-113,HOU,,UTA,W (+5),1,40:34,14,31,.452,4,12,.333,15,16,.938,0,6,6,5,5,0,5,4,47,34.2,-1
30,27,2018-12-19,29-115,HOU,,WAS,W (+18),1,33:38,10,18,.556,6,11,.545,9,9,1.000,0,3,3,9,2,0,2,4,35,32.0,+12
31,28,2018-12-20,29-116,HOU,@,MIA,L (-2),1,42:49,7,23,.304,6,14,.429,15,18,.833,1,5,6,12,2,0,3,4,35,28.5,+6
32,29,2018-12-22,29-118,HOU,,SAS,W (+7),1,41:07,12,34,.353,7,19,.368,8,9,.889,2,2,4,10,2,0,3,4,39,26.0,+14
33,30,2018-12-25,29-121,HOU,,OKC,W (+4),1,38:48,15,35,.429,5,16,.313,6,7,.857,2,4,6,7,2,1,6,3,41,25.1,+4
34,31,2018-12-27,29-123,HOU,,BOS,W (+14),1,38:31,11,26,.423,9,18,.500,14,17,.824,0,2,2,6,0,1,6,2,45,28.7,+3
35,32,2018-12-29,29-125,HOU,@,NOP,W (+4),1,37:01,10,25,.400,7,17,.412,14,14,1.000,3,6,9,6,3,2,7,4,41,31.4,-6
36,33,2018-12-31,29-127,HOU,,MEM,W (+12),1,41:03,8,19,.421,6,12,.500,21,27,.778,1,9,10,13,2,0,9,3,43,34.8,+21
37,34,2019-01-03,29-130,HOU,@,GSW,W (+1),1,44:01,13,32,.406,10,23,.435,8,9,.889,2,8,10,15,1,2,7,4,44,34.5,+5
38,35,2019-01-05,29-132,HOU,@,POR,L (-9),1,36:59,13,35,.371,5,17,.294,7,7,1.000,0,5,5,7,1,1,7,4,38,18.2,-14
39,36,2019-01-07,29-134,HOU,,DEN,W (+12),1,39:52,7,18,.389,6,15,.400,12,15,.800,0,5,5,14,1,1,6,4,32,26.4,+23
40,37,2019-01-09,29-136,HOU,,MIL,L (-7),1,40:54,13,30,.433,6,16,.375,10,11,.909,1,10,11,6,2,1,9,4,42,25.8,+2
41,38,2019-01-11,29-138,HOU,,CLE,W (+28),1,29:34,12,24,.500,8,16,.500,11,11,1.000,0,10,10,12,2,2,4,2,43,41.0,+28
42,39,2019-01-13,29-140,HOU,@,ORL,L (-7),1,43:01,11,32,.344,1,17,.059,15,16,.938,2,7,9,12,4,0,4,3,38,30.3,0
43,40,2019-01-14,29-141,HOU,,MEM,W (+18),1,34:06,17,33,.515,6,15,.400,17,18,.944,2,7,9,2,2,1,5,4,57,41.3,+25
44,41,2019-01-16,29-143,HOU,,BRK,L (-3),1,45:02,16,34,.471,5,19,.263,21,23,.913,1,9,10,6,1,1,4,5,58,43.1,-8
45,42,2019-01-19,29-146,HOU,,LAL,W (+4),1,42:08,14,30,.467,8,19,.421,12,15,.800,3,5,8,6,4,1,6,3,48,36.7,+11
46,43,2019-01-21,29-148,HOU,@,PHI,L (-28),1,30:49,12,26,.462,6,13,.462,7,8,.875,2,4,6,3,1,2,6,4,37,22.7,-23
47,44,2019-01-23,29-150,HOU,@,NYK,W (+4),1,40:00,17,38,.447,5,20,.250,22,25,.880,6,9,15,4,5,0,5,3,61,48.5,+19
48,45,2019-01-25,29-152,HOU,,TOR,W (+2),1,40:18,9,25,.360,2,13,.154,15,15,1.000,0,2,2,7,0,1,4,2,35,22.5,-8
49,46,2019-01-27,29-154,HOU,,ORL,W (+5),1,37:09,14,27,.519,4,12,.333,8,9,.889,1,10,11,6,1,3,5,3,40,31.1,-1
50,47,2019-01-29,29-156,HOU,,NOP,L (-5),1,39:27,11,32,.344,6,18,.333,9,10,.900,2,9,11,6,4,1,5,1,37,26.2,-5
51,48,2019-02-01,29-159,HOU,@,DEN,L (-14),1,37:12,9,21,.429,7,14,.500,5,9,.556,2,4,6,9,2,1,5,2,30,23.1,-24
52,49,2019-02-02,29-160,HOU,@,UTA,W (+27),1,39:42,12,22,.545,4,12,.333,15,15,1.000,0,12,12,5,6,4,5,4,43,41.7,+31
53,50,2019-02-04,29-162,HOU,@,PHO,W (+8),1,38:28,15,26,.577,5,13,.385,9,11,.818,0,8,8,6,3,1,3,3,44,37.1,+19
54,51,2019-02-06,29-164,HOU,@,SAC,W (+26),1,31:38,13,26,.500,8,13,.615,2,2,1.000,2,4,6,1,2,1,2,4,36,25.4,+16
55,52,2019-02-09,29-167,HOU,,OKC,L (-5),1,37:12,11,28,.393,6,16,.375,14,15,.933,0,2,2,1,1,0,5,2,42,22.9,-9
56,53,2019-02-11,29-169,HOU,,DAL,W (+16),1,35:33,9,23,.391,6,17,.353,7,7,1.000,1,7,8,7,5,0,5,1,31,25.8,+8
57,54,2019-02-13,29-171,HOU,@,MIN,L (-10),1,39:41,15,34,.441,8,22,.364,4,4,1.000,2,3,5,6,0,0,6,2,42,23.9,-14
58,55,2019-02-21,29-179,HOU,@,LAL,L (-5),1,36:42,11,24,.458,2,10,.200,6,7,.857,0,6,6,6,1,1,8,6,30,14.5,-8
60,56,2019-02-25,29-183,HOU,,ATL,W (+8),1,35:35,7,21,.333,0,10,.000,14,16,.875,0,5,5,4,1,0,6,1,28,14.2,+5
61,57,2019-02-27,29-185,HOU,@,CHO,W (+5),1,35:45,10,29,.345,1,11,.091,9,9,1.000,0,3,3,7,2,1,1,2,30,20.4,-14
62,58,2019-02-28,29-186,HOU,,MIA,W (+3),1,43:52,16,32,.500,8,18,.444,18,18,1.000,2,5,7,10,4,1,4,1,58,52.2,+10
63,59,2019-03-03,29-189,HOU,@,BOS,W (+11),1,38:54,14,31,.452,6,18,.333,8,9,.889,0,7,7,4,2,1,4,6,42,26.7,+13
64,60,2019-03-05,29-191,HOU,@,TOR,W (+12),1,36:48,12,30,.400,3,9,.333,8,8,1.000,0,1,1,3,3,0,1,4,35,21.6,-10
65,61,2019-03-08,29-194,HOU,,PHI,W (+16),1,32:12,11,22,.500,3,11,.273,6,7,.857,0,10,10,7,2,0,5,3,31,23.3,+15
66,62,2019-03-10,29-196,HOU,@,DAL,W (+1),1,33:55,7,25,.280,3,15,.200,3,3,1.000,1,4,5,4,0,1,5,5,20,3.7,+4
67,63,2019-03-11,29-197,HOU,,CHO,W (+12),1,35:00,7,21,.333,3,9,.333,11,12,.917,1,5,6,10,3,0,4,3,28,22.7,+11
68,64,2019-03-13,29-199,HOU,,GSW,L (-2),1,37:24,10,23,.435,2,12,.167,7,9,.778,0,3,3,10,3,0,2,1,29,24.6,+1
69,65,2019-03-15,29-201,HOU,,PHO,W (+6),1,41:42,12,25,.480,3,11,.273,14,17,.824,0,9,9,11,6,3,6,3,41,38.4,+3
70,66,2019-03-17,29-203,HOU,,MIN,W (+15),1,31:48,8,24,.333,4,12,.333,0,0,,0,2,2,10,1,0,3,4,20,10.4,+20
71,67,2019-03-19,29-205,HOU,@,ATL,W (+16),1,33:28,8,18,.444,4,11,.364,11,12,.917,0,8,8,10,1,1,4,1,31,27.9,+10
72,68,2019-03-20,29-206,HOU,@,MEM,L (-1),1,45:37,18,39,.462,9,17,.529,12,12,1.000,1,6,7,8,2,2,3,3,57,44.2,+11
73,69,2019-03-22,29-208,HOU,,SAS,W (+6),1,36:40,19,34,.559,9,13,.692,14,17,.824,2,5,7,1,3,0,3,3,61,46.0,+18
74,70,2019-03-24,29-210,HOU,@,NOP,W (+23),1,28:53,10,19,.526,6,12,.500,2,2,1.000,0,3,3,4,1,1,6,1,28,17.7,+14
75,71,2019-03-26,29-212,HOU,@,MIL,L (-14),1,37:55,9,26,.346,1,9,.111,4,5,.800,0,10,10,7,0,2,4,4,23,11.7,-14
76,72,2019-03-28,29-214,HOU,,DEN,W (+27),1,32:20,10,22,.455,5,11,.455,13,14,.929,2,4,6,6,1,1,4,2,38,29.9,+14
77,73,2019-03-30,29-216,HOU,,SAC,W (+11),1,37:47,13,31,.419,7,23,.304,17,18,.944,1,10,11,10,0,0,3,1,50,40.4,+17
78,74,2019-04-02,29-219,HOU,@,SAC,W (+25),1,29:28,12,19,.632,7,12,.583,5,6,.833,0,3,3,10,1,0,2,2,36,33.2,+29
79,75,2019-04-03,29-220,HOU,@,LAC,W (+32),1,30:21,9,15,.600,3,7,.429,10,12,.833,1,6,7,7,0,0,6,3,31,23.5,+16
80,76,2019-04-05,29-222,HOU,,NYK,W (+24),1,29:12,8,21,.381,5,13,.385,5,5,1.000,1,8,9,8,1,1,3,2,26,21.1,+29
81,77,2019-04-07,29-224,HOU,,PHO,W (+36),1,29:00,10,14,.714,5,6,.833,5,7,.714,0,13,13,9,2,0,6,3,30,28.4,+39
82,78,2019-04-09,29-226,HOU,@,OKC,L (-1),1,36:58,11,28,.393,5,15,.333,12,13,.923,1,9,10,3,1,1,4,4,39,25.0,+1
1,1,2019-10-24,30-059,HOU,,MIL,L (-6),1,36:26,2,13,.154,1,8,.125,14,14,1.000,2,5,7,14,1,1,7,5,19,16.1,-3
2,2,2019-10-26,30-061,HOU,,NOP,W (+3),1,36:05,8,29,.276,2,18,.111,11,12,.917,0,4,4,5,1,0,8,3,29,8.0,+7
3,3,2019-10-28,30-063,HOU,,OKC,W (+4),1,36:52,8,21,.381,3,14,.214,21,22,.955,0,3,3,7,1,1,4,5,40,29.6,-4
4,4,2019-10-30,30-065,HOU,@,WAS,W (+1),1,37:30,18,32,.563,6,14,.429,17,18,.944,1,2,3,9,1,0,4,3,59,46.8,+6
5,5,2019-11-01,30-067,HOU,@,BRK,L (-7),1,36:39,10,31,.323,2,16,.125,14,15,.933,2,3,5,8,0,0,5,3,36,19.6,-14
6,6,2019-11-03,30-069,HOU,@,MIA,L (-29),1,26:26,6,14,.429,3,9,.333,14,14,1.000,1,3,4,3,1,0,6,4,29,18.7,-17
7,7,2019-11-04,30-070,HOU,@,MEM,W (+7),1,37:15,12,28,.429,7,16,.438,13,18,.722,4,6,10,6,2,1,7,2,44,30.9,+10
8,8,2019-11-06,30-072,HOU,,GSW,W (+17),1,35:18,10,23,.435,6,16,.375,10,13,.769,0,4,4,13,3,3,5,1,36,32.7,+20
9,9,2019-11-09,30-075,HOU,@,CHI,W (+23),1,35:48,12,27,.444,9,19,.474,9,11,.818,1,9,10,9,2,0,6,1,42,32.4,+36
10,10,2019-11-11,30-077,HOU,@,NOP,W (+6),1,38:16,13,25,.520,3,11,.273,10,14,.714,0,4,4,9,2,1,6,4,39,27.7,-4
11,11,2019-11-13,30-079,HOU,,LAC,W (+9),1,44:27,12,26,.462,7,13,.538,16,17,.941,0,6,6,7,3,0,6,0,47,36.9,+10
12,12,2019-11-15,30-081,HOU,,IND,W (+9),1,40:27,13,26,.500,6,14,.429,12,14,.857,0,8,8,5,4,0,3,4,44,35.5,+18
13,13,2019-11-16,30-082,HOU,@,MIN,W (+20),1,38:41,16,41,.390,8,22,.364,9,11,.818,1,5,6,6,0,0,5,4,49,25.7,+16
14,14,2019-11-18,30-084,HOU,,POR,W (+24),1,33:06,11,19,.579,5,10,.500,9,10,.900,1,5,6,5,1,1,3,4,36,29.5,+27
15,15,2019-11-20,30-086,HOU,@,DEN,L (-10),1,37:06,8,16,.500,4,8,.500,7,10,.700,1,6,7,7,3,0,8,4,27,18.6,-17
16,16,2019-11-22,30-088,HOU,@,LAC,L (-3),1,42:20,9,16,.563,5,11,.455,14,18,.778,0,8,8,12,2,0,4,4,37,35.0,+6
17,17,2019-11-24,30-090,HOU,,DAL,L (-14),1,41:17,11,24,.458,2,15,.133,8,10,.800,1,8,9,11,1,0,6,5,32,22.6,-12
18,18,2019-11-27,30-093,HOU,,MIA,W (+9),1,35:15,9,23,.391,7,17,.412,9,10,.900,2,4,6,5,1,1,2,0,34,26.9,+11
19,19,2019-11-30,30-096,HOU,,ATL,W (+47),1,30:41,16,24,.667,8,14,.571,20,23,.870,0,3,3,8,3,1,5,3,60,52.4,+50
20,20,2019-12-03,30-099,HOU,@,SAS,L (-2),1,48:31,11,37,.297,4,20,.200,24,24,1.000,3,6,9,6,4,0,5,4,50,34.0,-3
21,21,2019-12-05,30-101,HOU,@,TOR,W (+10),1,40:24,7,11,.636,3,5,.600,6,6,1.000,0,7,7,3,5,1,4,5,23,22.0,+7
22,22,2019-12-07,30-103,HOU,,PHO,W (+6),1,39:04,8,27,.296,3,17,.176,15,18,.833,2,4,6,4,3,1,0,3,34,25.0,+9
23,23,2019-12-09,30-105,HOU,,SAC,L (-1),1,39:53,8,19,.421,3,10,.300,8,8,1.000,0,4,4,10,2,1,8,4,27,18.2,-6
24,24,2019-12-11,30-107,HOU,@,CLE,W (+6),1,41:16,20,34,.588,10,18,.556,5,5,1.000,0,3,3,8,2,2,6,3,55,41.9,+10
25,25,2019-12-13,30-109,HOU,@,ORL,W (+23),1,36:14,19,31,.613,10,15,.667,6,6,1.000,2,3,5,7,2,3,3,5,54,46.2,+21
26,26,2019-12-14,30-110,HOU,,DET,L (-8),1,38:28,14,33,.424,4,13,.308,7,8,.875,2,4,6,7,1,0,4,4,39,24.0,-11
27,27,2019-12-16,30-112,HOU,,SAS,W (+2),1,36:13,10,29,.345,4,13,.308,4,4,1.000,3,5,8,7,1,1,2,3,28,18.7,+10
28,28,2019-12-19,30-115,HOU,@,LAC,W (+5),1,36:14,8,16,.500,5,11,.455,7,10,.700,0,1,1,10,2,1,6,4,28,21.2,+1
29,29,2019-12-21,30-117,HOU,@,PHO,W (+14),1,34:00,15,27,.556,9,19,.474,8,9,.889,1,5,6,7,0,1,4,5,47,35.5,+2
30,30,2019-12-23,30-119,HOU,@,SAC,W (+9),1,37:42,10,19,.526,4,11,.364,10,12,.833,0,5,5,5,2,1,3,2,34,27.8,+7
31,31,2019-12-25,30-121,HOU,@,GSW,L (-12),1,38:13,9,18,.500,6,10,.600,0,1,.000,1,5,6,11,3,0,2,3,24,24.3,-18
32,32,2019-12-28,30-124,HOU,,BRK,W (+10),1,39:02,17,27,.630,6,10,.600,4,9,.444,2,8,10,6,1,3,3,2,44,37.2,+16
34,33,2019-12-31,30-127,HOU,,DEN,W (+26),1,33:56,10,17,.588,6,9,.667,9,13,.692,0,3,3,6,1,2,4,2,35,28.2,+21
35,34,2020-01-03,30-130,HOU,,PHI,W (+10),1,40:49,13,24,.542,6,12,.500,12,12,1.000,1,10,11,11,1,1,5,3,44,39.3,+10
36,35,2020-01-08,30-135,HOU,@,ATL,W (+7),1,39:44,9,34,.265,4,20,.200,19,23,.826,2,8,10,10,2,3,8,2,41,25.3,-3
37,36,2020-01-09,30-136,HOU,@,OKC,L (-21),1,26:33,5,17,.294,2,9,.222,5,5,1.000,1,2,3,3,0,1,1,2,17,9.4,-25
38,37,2020-01-11,30-138,HOU,,MIN,W (+30),1,27:42,8,17,.471,6,11,.545,10,13,.769,0,12,12,8,2,0,11,3,32,21.1,+15
39,38,2020-01-14,30-141,HOU,@,MEM,L (-11),1,39:08,13,37,.351,5,19,.263,10,11,.909,3,3,6,6,0,1,1,3,41,25.6,+3
40,39,2020-01-15,30-142,HOU,,POR,L (-10),1,36:24,3,12,.250,1,6,.167,6,8,.750,3,5,8,7,0,2,2,5,13,10.9,-11
41,40,2020-01-18,30-145,HOU,,LAL,L (-9),1,39:11,8,20,.400,2,9,.222,16,18,.889,0,6,6,7,0,1,6,3,34,22.6,-12
42,41,2020-01-20,30-147,HOU,,OKC,L (-5),1,38:55,9,29,.310,1,17,.059,10,13,.769,2,7,9,6,1,1,4,3,29,15.3,-2
43,42,2020-01-22,30-149,HOU,,DEN,W (+16),1,31:24,6,13,.462,2,6,.333,13,15,.867,1,4,5,5,2,0,3,3,27,22.7,+7
44,43,2020-01-24,30-151,HOU,@,MIN,W (+7),1,34:31,3,13,.231,0,6,.000,6,6,1.000,0,4,4,5,0,3,3,4,12,6.3,-7
47,44,2020-01-29,30-156,HOU,@,POR,L (-13),1,38:16,5,18,.278,2,8,.250,6,6,1.000,1,4,5,4,2,2,6,3,18,8.3,-13
48,45,2020-01-31,30-158,HOU,,DAL,W (+7),1,37:25,10,25,.400,6,14,.429,9,10,.900,2,14,16,6,4,0,3,4,35,30.3,+9
49,46,2020-02-02,30-160,HOU,,NOP,W (+8),1,38:47,12,24,.500,7,15,.467,9,9,1.000,2,8,10,9,0,2,4,5,40,33.5,+3
50,47,2020-02-04,30-162,HOU,,CHO,W (+15),1,39:48,11,26,.423,4,11,.364,14,15,.933,3,6,9,12,3,1,3,4,40,37.2,+20
51,48,2020-02-06,30-164,HOU,@,LAL,W (+10),1,35:10,3,10,.300,1,6,.167,7,7,1.000,0,7,7,7,2,0,3,5,14,12.2,-3
52,49,2020-02-07,30-165,HOU,@,PHO,L (-36),1,30:15,9,19,.474,5,10,.500,9,10,.900,0,2,2,5,1,1,5,4,32,21.1,-20
53,50,2020-02-09,30-167,HOU,,UTA,L (-1),1,38:49,11,23,.478,2,13,.154,4,6,.667,1,9,10,10,1,2,1,5,28,25.3,+8
54,51,2020-02-11,30-169,HOU,,BOS,W (+11),1,38:38,9,19,.474,7,16,.438,17,18,.944,0,8,8,7,1,1,6,5,42,32.9,+24
55,52,2020-02-20,30-178,HOU,@,GSW,W (+30),1,30:10,6,16,.375,3,12,.250,14,15,.933,0,3,3,10,3,2,1,3,29,29.9,+32
56,53,2020-02-22,30-180,HOU,@,UTA,W (+10),1,37:08,13,23,.565,6,11,.545,6,9,.667,1,4,5,7,2,1,3,3,38,31.2,+24
57,54,2020-02-24,30-182,HOU,,NYK,W (+11),1,33:52,14,25,.560,4,11,.364,5,9,.556,2,4,6,9,2,0,6,3,37,27.2,+3
58,55,2020-02-26,30-184,HOU,,MEM,W (+28),1,28:01,9,16,.563,7,12,.583,5,6,.833,2,5,7,3,1,0,5,4,30,21.4,+7
59,56,2020-02-29,30-187,HOU,@,BOS,W (+1),1,40:57,7,24,.292,4,17,.235,3,3,1.000,0,4,4,8,3,0,5,3,21,10.6,+9
60,57,2020-03-02,30-189,HOU,@,NYK,L (-2),1,39:08,8,22,.364,3,13,.231,16,16,1.000,1,1,2,8,4,0,3,4,35,28.8,+9
61,58,2020-03-05,30-192,HOU,,LAC,L (-15),1,27:57,4,17,.235,0,8,.000,8,11,.727,0,7,7,4,1,0,4,3,16,5.2,-19
62,59,2020-03-07,30-194,HOU,@,CHO,L (-9),1,45:18,8,22,.364,2,11,.182,12,14,.857,1,9,10,14,2,0,10,5,30,20.2,-9
63,60,2020-03-08,30-195,HOU,,ORL,L (-20),1,32:15,6,19,.316,3,10,.300,8,10,.800,2,5,7,6,3,0,4,3,23,16.2,-15
64,61,2020-03-10,30-197,HOU,,MIN,W (+6),1,35:50,11,19,.579,5,10,.500,10,14,.714,0,4,4,7,2,1,3,1,37,31.9,-5
65,62,2020-07-31,30-340,HOU,@,DAL,W (+4),1,43:29,14,20,.700,3,9,.333,18,21,.857,0,9,9,8,3,3,1,5,49,49.8,+8
66,63,2020-08-02,30-342,HOU,,MIL,W (+4),1,34:13,5,14,.357,3,12,.250,11,13,.846,1,6,7,7,6,0,3,5,24,23.8,-7
67,64,2020-08-04,30-344,HOU,@,POR,L (-8),1,33:26,7,17,.412,3,8,.375,6,7,.857,3,3,6,9,0,0,4,5,23,16.8,-8
68,65,2020-08-06,30-346,HOU,,LAL,W (+16),1,35:38,11,19,.579,5,10,.500,12,12,1.000,1,7,8,12,3,1,10,2,39,34.2,+16
69,66,2020-08-09,30-349,HOU,@,SAC,W (+17),1,32:51,10,21,.476,3,12,.250,9,9,1.000,0,8,8,7,3,1,4,1,32,27.9,+24
71,67,2020-08-12,30-352,HOU,,IND,L (-4),1,35:28,13,21,.619,7,14,.500,12,14,.857,1,16,17,9,3,0,6,2,45,42.7,+11
72,68,2020-08-14,30-354,HOU,,PHI,L (-38),1,26:17,9,16,.563,4,9,.444,5,5,1.000,0,3,3,10,1,2,7,1,27,22.3,-11
1,1,2020-12-26,31-122,HOU,@,POR,L (-2),1,43:16,12,21,.571,6,13,.462,14,16,.875,1,3,4,17,1,0,5,1,44,42.4,-6
2,2,2020-12-28,31-124,HOU,@,DEN,L (-13),1,31:29,10,16,.625,5,9,.556,9,9,1.000,0,6,6,8,1,0,5,2,34,29.4,-12
3,3,2020-12-31,31-127,HOU,,SAC,W (+3),1,38:18,10,24,.417,4,11,.364,9,11,.818,2,4,6,8,1,1,6,2,33,22.5,+8
